"Longitude (x)","Latitude (y)","Station Name","Climate ID","Date/Time (LST)","Year","Month","Day","Time (LST)","Temp (°C)","Temp Flag","Dew Point Temp (°C)","Dew Point Temp Flag","Rel Hum (%)","Rel Hum Flag","Precip. Amount (mm)","Precip. Amount Flag","Wind Dir (10s deg)","Wind Dir Flag","Wind Spd (km/h)","Wind Spd Flag","Visibility (km)","Visibility Flag","Stn Press (kPa)","Stn Press Flag","Hmdx","Hmdx Flag","Wind Chill","Wind Chill Flag","Weather"
"-114.00","51.11","CALGARY INT'L CS","3031094","2023-11-01 00:00","2023","11","01","00:00","-5.9","","-7.9","","85","","0.0","","35","","4","","","","89.49","","","","-8","","NA"
"-114.00","51.11","CALGARY INT'L CS","3031094","2023-11-01 01:00","2023","11","01","01:00","-6.1","","-8.0","","86","","0.0","","33","","3","","","","89.46","","","","-8","","NA"
"-114.00","51.11","CALGARY INT'L CS","3031094","2023-11-01 02:00","2023","11","01","02:00","-6.4","","-8.4","","85","","0.0","","","","0","","","","89.42","","","","","","NA"
"-114.00","51.11","CALGARY INT'L CS","3031094","2023-11-01 03:00","2023","11","01","03:00","-5.7","","-7.4","","87","","0.0","","","","0","","","","89.37","","","","","","NA"
"-114.00","51.11","CALGARY INT'L CS","3031094","2023-11-01 04:00","2023","11","01","04:00","-5.4","","-7.4","","86","","0.0","","17","","1","","","","89.32","","","","-6","","NA"
"-114.00","51.11","CALGARY INT'L CS","3031094","2023-11-01 05:00","2023","11","01","05:00","-5.6","","-7.5","","87","","0.0","","26","","2","","","","89.29","","","","-7","","NA"
"-114.00","51.11","CALGARY INT'L CS","3031094","2023-11-01 06:00","2023","11","01","06:00","-5.6","","-7.7","","85","","0.0","","28","","2","","","","89.28","","","","-7","","NA"
"-114.00","51.11","CALGARY INT'L CS","3031094","2023-11-01 07:00","2023","11","01","07:00","-6.3","","-8.3","","86","","0.0","","35","","3","","","","89.26","","","","-8","","NA"
"-114.00","51.11","CALGARY INT'L CS","3031094","2023-11-01 08:00","2023","11","01","08:00","-5.2","","-7.4","","84","","0.0","","","","0","","","","89.23","","","","","","NA"
"-114.00","51.11","CALGARY INT'L CS","3031094","2023-11-01 09:00","2023","11","01","09:00","-2.9","","-4.7","","87","","0.0","","0","","1","","","","89.27","","","","-3","","NA"
"-114.00","51.11","CALGARY INT'L CS","3031094","2023-11-01 10:00","2023","11","01","10:00"
"-114.00","51.11","CALGARY INT'L CS","3031094","2023-11-01 11:00","2023","11","01","11:00","3.9","","-5.3","","51","","0.0","","17","","9","","","","89.22","","","","","","NA"
"-114.00","51.11","CALGARY INT'L CS","3031094","2023-11-01 12:00","2023","11","01","12:00","5.7","","-6.2","","42","","0.0","","20","","7","","","","89.21","","","","","","NA"
"-114.00","51.11","CALGARY INT'L CS","3031094","2023-11-01 13:00","2023","11","01","13:00","5.8","","-4.7","","47","","0.0","","17","","7","","","","89.14","","","","","","NA"
"-114.00","51.11","CALGARY INT'L CS","3031094","2023-11-01 14:00","2023","11","01","14:00","4.1","","-4.3","","55","","0.0","","16","","8","","","","89.12","","","","","","NA"
"-114.00","51.11","CALGARY INT'L CS","3031094","2023-11-01 15:00","2023","11","01","15:00","5.9","","-5.0","","45","","0.0","","16","","5","","","","89.13","","","","","","NA"
"-114.00","51.11","CALGARY INT'L CS","3031094","2023-11-01 16:00","2023","11","01","16:00","4.2","","-3.9","","56","","0.0","","16","","8","","","","89.09","","","","","","NA"
"-114.00","51.11","CALGARY INT'L CS","3031094","2023-11-01 17:00","2023","11","01","17:00","1.8","","-3.6","","67","","0.0","","16","","7","","","","89.08","","","","","","NA"
"-114.00","51.11","CALGARY INT'L CS","3031094","2023-11-01 18:00","2023","11","01","18:00","1.1","","-3.6","","71","","0.0","","20","","3","","","","89.05","","","","","","NA"
"-114.00","51.11","CALGARY INT'L CS","3031094","2023-11-01 19:00","2023","11","01","19:00","0.2","","-3.8","","74","","0.0","","20","","7","","","","89.05","","","","","","NA"
"-114.00","51.11","CALGARY INT'L CS","3031094","2023-11-01 20:00","2023","11","01","20:00","0.0","","-3.9","","75","","0.0","","23","","7","","","","89.01","","","","-2","","NA"
"-114.00","51.11","CALGARY INT'L CS","3031094","2023-11-01 21:00","2023","11","01","21:00","0.3","","-4.7","","69","","0.0","","23","","7","","","","88.93","","","","","","NA"
"-114.00","51.11","CALGARY INT'L CS","3031094","2023-11-01 22:00","2023","11","01","22:00","-0.2","","-3.8","","77","","0.0","","20","","2","","","","88.90","","","","-1","","NA"
"-114.00","51.11","CALGARY INT'L CS","3031094","2023-11-01 23:00","2023","11","01","23:00","-0.9","","-4.4","","78","","0.0","","0","","1","","","","88.87","","","","-1","","NA"
"-114.00","51.11","CALGARY INT'L CS","3031094","2023-11-02 00:00","2023","11","02","00:00","-1.4","","-4.1","","82","","0.0","","36","","1","","","","88.81","","","","-2","","NA"
"-114.00","51.11","CALGARY INT'L CS","3031094","2023-11-02 01:00","2023","11","02","01:00","0.1","","-4.0","","74","","0.0","","21","","6","","","","88.74","","","","","","NA"
"-114.00","51.11","CALGARY INT'L CS","3031094","2023-11-02 02:00","2023","11","02","02:00","0.1","","-3.8","","75","","0.0","","27","","5","","","","88.70","","","","","","NA"
"-114.00","51.11","CALGARY INT'L CS","3031094","2023-11-02 03:00","2023","11","02","03:00","-0.3","","-3.7","","78","","0.0","","29","","2","","","","88.64","","","","-1","","NA"
"-114.00","51.11","CALGARY INT'L CS","3031094","2023-11-02 04:00","2023","11","02","04:00","-0.2","","-3.2","","80","","0.0","","29","","4","","","","88.56","","","","-1","","NA"
"-114.00","51.11","CALGARY INT'L CS","3031094","2023-11-02 05:00","2023","11","02","05:00","-0.4","","-3.6","","78","","0.0","","0","","1","","","","88.52","","","","-1","","NA"
"-114.00","51.11","CALGARY INT'L CS","3031094","2023-11-02 06:00","2023","11","02","06:00","0.9","","-3.5","","72","","0.0","","5","","8","","","","88.53","","","","","","NA"
"-114.00","51.11","CALGARY INT'L CS","3031094","2023-11-02 07:00","2023","11","02","07:00","3.4","","-5.2","","53","","0.0","","34","","11","","","","88.54","","","","","","NA"
"-114.00","51.11","CALGARY INT'L CS","3031094","2023-11-02 08:00","2023","11","02","08:00","3.6","","-5.1","","53","","0.0","","34","","21","","","","88.56","","","","","","NA"
"-114.00","51.11","CALGARY INT'L CS","3031094","2023-11-02 09:00","2023","11","02","09:00","3.1","","-4.9","","56","","0.0","","34","","23","","","","88.64","","","","","","NA"
"-114.00","51.11","CALGARY INT'L CS","3031094","2023-11-02 10:00","2023","11","02","10:00","2.6","","-4.5","","60","","0.0","","34","","23","","","","88.70","","","","","","NA"
"-114.00","51.11","CALGARY INT'L CS","3031094","2023-11-02 11:00","2023","11","02","11:00","3.0","","-3.7","","61","","0.0","","34","","20","","","","88.73","","","","","","NA"
"-114.00","51.11","CALGARY INT'L CS","3031094","2023-11-02 12:00","2023","11","02","12:00","4.1","","-3.8","","57","","0.0","","35","","18","","","","88.75","","","","","","NA"
"-114.00","51.11","CALGARY INT'L CS","3031094","2023-11-02 13:00","2023","11","02","13:00","4.0","","-4.0","","56","","0.0","","1","","17","","","","88.71","","","","","","NA"
"-114.00","51.11","CALGARY INT'L CS","3031094","2023-11-02 14:00","2023","11","02","14:00","3.9","","-3.5","","58","","0.0","","2","","12","","","","88.69","","","","","","NA"
"-114.00","51.11","CALGARY INT'L CS","3031094","2023-11-02 15:00","2023","11","02","15:00","3.3","","-3.1","","63","","0.0","","4","","7","","","","88.72","","","","","","NA"
"-114.00","51.11","CALGARY INT'L CS","3031094","2023-11-02 16:00","2023","11","02","16:00","2.9","","-2.7","","67","","0.0","","6","","7","","","","88.76","","","","","","NA"
"-114.00","51.11","CALGARY INT'L CS","3031094","2023-11-02 17:00","2023","11","02","17:00","2.3","","-2.3","","72","","0.0","","4","","2","","","","88.79","","","","","","NA"
"-114.00","51.11","CALGARY INT'L CS","3031094","2023-11-02 18:00","2023","11","02","18:00","0.7","","-0.9","","89","","0.2","","30","","5","","","","88.82","","","","","","NA"
"-114.00","51.11","CALGARY INT'L CS","3031094","2023-11-02 19:00","2023","11","02","19:00","0.2","","-0.5","","95","","0.8","","6","","3","","","","88.83","","","","","","NA"
"-114.00","51.11","CALGARY INT'L CS","3031094","2023-11-02 20:00","2023","11","02","20:00","0.1","","-0.5","","96","","0.0","","","","0","","","","88.80","","","","","","NA"
"-114.00","51.11","CALGARY INT'L CS","3031094","2023-11-02 21:00","2023","11","02","21:00","0.4","","-0.3","","95","","0.1","","19","","6","","","","88.81","","","","","","NA"
"-114.00","51.11","CALGARY INT'L CS","3031094","2023-11-02 22:00","2023","11","02","22:00","0.1","","-0.7","","94","","0.0","","15","","12","","","","88.79","","","","","","NA"
"-114.00","51.11","CALGARY INT'L CS","3031094","2023-11-02 23:00","2023","11","02","23:00","0.2","","-0.7","","94","","0.0","","16","","13","","","","88.81","","","","","","NA"
"-114.00","51.11","CALGARY INT'L CS","3031094","2023-11-03 00:00","2023","11","03","00:00","-0.3","","-0.8","","96","","0.0","","17","","15","","","","88.80","","","","-5","","NA"
"-114.00","51.11","CALGARY INT'L CS","3031094","2023-11-03 01:00","2023","11","03","01:00","-1.5","","-2.4","","94","","0.0","","18","","13","","","","88.75","","","","-6","","NA"
"-114.00","51.11","CALGARY INT'L CS","3031094","2023-11-03 02:00","2023","11","03","02:00","-1.0","","-2.6","","89","","0.0","","19","","17","","","","88.72","","","","-6","","NA"
"-114.00","51.11","CALGARY INT'L CS","3031094","2023-11-03 03:00","2023","11","03","03:00","-1.8","","-3.2","","90","","0.0","","19","","13","","","","88.67","","","","-6","","NA"
"-114.00","51.11","CALGARY INT'L CS","3031094","2023-11-03 04:00","2023","11","03","04:00","-2.6","","-3.8","","91","","0.0","","19","","10","","","","88.65","","","","-6","","NA"
"-114.00","51.11","CALGARY INT'L CS","3031094","2023-11-03 05:00","2023","11","03","05:00","-2.5","","-3.6","","92","","0.0","","20","","12","","","","88.61","","","","-7","","NA"
"-114.00","51.11","CALGARY INT'L CS","3031094","2023-11-03 06:00","2023","11","03","06:00","-2.2","","-3.3","","92","","0.0","","21","","10","","","","88.63","","","","-6","","NA"
"-114.00","51.11","CALGARY INT'L CS","3031094","2023-11-03 07:00","2023","11","03","07:00","-2.4","","-3.8","","90","","0.0","","22","","5","","","","88.64","","","","-4","","NA"
"-114.00","51.11","CALGARY INT'L CS","3031094","2023-11-03 08:00","2023","11","03","08:00","-2.9","","-4.5","","89","","0.0","","22","","6","","","","88.71","","","","-5","","NA"
"-114.00","51.11","CALGARY INT'L CS","3031094","2023-11-03 09:00","2023","11","03","09:00","-0.6","","-2.7","","86","","0.0","","23","","1","","","","88.78","","","","-1","","NA"
"-114.00","51.11","CALGARY INT'L CS","3031094","2023-11-03 10:00","2023","11","03","10:00","2.2","","-1.7","","76","","0.0","","6","","4","","","","88.84","","","","","","NA"
"-114.00","51.11","CALGARY INT'L CS","3031094","2023-11-03 11:00","2023","11","03","11:00","5.9","","1.0","","71","","0.0","","31","","5","","","","88.88","","","","","","NA"
"-114.00","51.11","CALGARY INT'L CS","3031094","2023-11-03 12:00","2023","11","03","12:00","8.7","","0.4","","56","","0.0","","1","","5","","","","88.88","","","","","","NA"
"-114.00","51.11","CALGARY INT'L CS","3031094","2023-11-03 13:00","2023","11","03","13:00","10.2","","1.0","","53","","0.0","","34","","2","","","","88.87","","","","","","NA"
"-114.00","51.11","CALGARY INT'L CS","3031094","2023-11-03 14:00","2023","11","03","14:00","11.2","","0.5","","48","","0.0","","34","","4","","","","88.88","","","","","","NA"
"-114.00","51.11","CALGARY INT'L CS","3031094","2023-11-03 15:00","2023","11","03","15:00","9.1","","2.4","","63","","0.0","","12","","10","","","","88.91","","","","","","NA"
"-114.00","51.11","CALGARY INT'L CS","3031094","2023-11-03 16:00","2023","11","03","16:00","8.1","","2.2","","66","","0.0","","11","","11","","","","88.94","","","","","","NA"
"-114.00","51.11","CALGARY INT'L CS","3031094","2023-11-03 17:00","2023","11","03","17:00","5.1","","1.2","","76","","0.0","","10","","9","","","","89.02","","","","","","NA"
"-114.00","51.11","CALGARY INT'L CS","3031094","2023-11-03 18:00","2023","11","03","18:00","3.9","","0.5","","78","","0.0","","3","","10","","","","89.09","","","","","","NA"
"-114.00","51.11","CALGARY INT'L CS","3031094","2023-11-03 19:00","2023","11","03","19:00","3.4","","0.5","","81","","0.0","","1","","3","","","","89.12","","","","","","NA"
"-114.00","51.11","CALGARY INT'L CS","3031094","2023-11-03 20:00","2023","11","03","20:00","1.2","","-0.8","","87","","0.0","","","","0","","","","89.12","","","","","","NA"
"-114.00","51.11","CALGARY INT'L CS","3031094","2023-11-03 21:00","2023","11","03","21:00","0.9","","-0.1","","93","","0.0","","20","","4","","","","89.11","","","","","","NA"
"-114.00","51.11","CALGARY INT'L CS","3031094","2023-11-03 22:00","2023","11","03","22:00","1.5","","-0.2","","88","","0.0","","20","","4","","","","89.16","","","","","","NA"
"-114.00","51.11","CALGARY INT'L CS","3031094","2023-11-03 23:00","2023","11","03","23:00","0.8","","-0.7","","89","","0.0","","17","","3","","","","89.15","","","","","","NA"
"-114.00","51.11","CALGARY INT'L CS","3031094","2023-11-04 00:00","2023","11","04","00:00","0.9","","-1.2","","86","","0.0","","21","","11","","","","89.08","","","","","","NA"
"-114.00","51.11","CALGARY INT'L CS","3031094","2023-11-04 01:00","2023","11","04","01:00","0.2","","-2.6","","81","","0.0","","21","","11","","","","89.04","","","","","","NA"
"-114.00","51.11","CALGARY INT'L CS","3031094","2023-11-04 02:00","2023","11","04","02:00","0.6","","-2.6","","79","","0.0","","21","","10","","","","89.00","","","","","","NA"
"-114.00","51.11","CALGARY INT'L CS","3031094","2023-11-04 03:00","2023","11","04","03:00","1.0","","-2.7","","76","","0.0","","22","","10","","","","88.92","","","","","","NA"
"-114.00","51.11","CALGARY INT'L CS","3031094","2023-11-04 04:00","2023","11","04","04:00","0.2","","-3.6","","76","","0.0","","18","","3","","","","88.86","","","","","","NA"
"-114.00","51.11","CALGARY INT'L CS","3031094","2023-11-04 05:00","2023","11","04","05:00","0.7","","-2.7","","78","","0.0","","20","","2","","","","88.86","","","","","","NA"
"-114.00","51.11","CALGARY INT'L CS","3031094","2023-11-04 06:00","2023","11","04","06:00","1.3","","-1.4","","82","","0.0","","7","","8","","","","88.81","","","","","","NA"
"-114.00","51.11","CALGARY INT'L CS","3031094","2023-11-04 07:00","2023","11","04","07:00","3.3","","-0.9","","74","","0.0","","14","","14","","","","88.71","","","","","","NA"
"-114.00","51.11","CALGARY INT'L CS","3031094","2023-11-04 08:00","2023","11","04","08:00","1.3","","-1.5","","82","","0.0","","16","","6","","","","88.62","","","","","","NA"
"-114.00","51.11","CALGARY INT'L CS","3031094","2023-11-04 09:00","2023","11","04","09:00","2.2","","-1.5","","77","","0.0","","18","","13","","","","88.59","","","","","","NA"
"-114.00","51.11","CALGARY INT'L CS","3031094","2023-11-04 10:00","2023","11","04","10:00","2.8","","-0.7","","77","","0.0","","17","","8","","","","88.47","","","","","","NA"
"-114.00","51.11","CALGARY INT'L CS","3031094","2023-11-04 11:00","2023","11","04","11:00","4.1","","-0.6","","72","","0.0","","17","","11","","","","88.38","","","","","","NA"
"-114.00","51.11","CALGARY INT'L CS","3031094","2023-11-04 12:00","2023","11","04","12:00","4.6","","-0.2","","71","","0.0","","16","","6","","","","88.27","","","","","","NA"
"-114.00","51.11","CALGARY INT'L CS","3031094","2023-11-04 13:00","2023","11","04","13:00","4.8","","-0.2","","70","","0.0","","20","","9","","","","88.19","","","","","","NA"
"-114.00","51.11","CALGARY INT'L CS","3031094","2023-11-04 14:00","2023","11","04","14:00","4.6","","-0.1","","71","","0.0","","19","","7","","","","88.10","","","","","","NA"
"-114.00","51.11","CALGARY INT'L CS","3031094","2023-11-04 15:00","2023","11","04","15:00","4.9","","0.0","","70","","0.0","","21","","7","","","","88.05","","","","","","NA"
"-114.00","51.11","CALGARY INT'L CS","3031094","2023-11-04 16:00","2023","11","04","16:00","5.9","","0.2","","67","","0.0","","21","","10","","","","87.99","","","","","","NA"
"-114.00","51.11","CALGARY INT'L CS","3031094","2023-11-04 17:00","2023","11","04","17:00","4.7","","0.5","","74","","0.0","","1","","5","","","","87.97","","","","","","NA"
"-114.00","51.11","CALGARY INT'L CS","3031094","2023-11-04 18:00","2023","11","04","18:00","4.4","","0.9","","78","","0.0","","25","","5","","","","87.92","","","","","","NA"
"-114.00","51.11","CALGARY INT'L CS","3031094","2023-11-04 19:00","2023","11","04","19:00","4.6","","0.8","","76","","0.0","","20","","9","","","","87.89","","","","","","NA"
"-114.00","51.11","CALGARY INT'L CS","3031094","2023-11-04 20:00","2023","11","04","20:00","5.4","","1.1","","73","","0.0","","23","","15","","","","87.83","","","","","","NA"
"-114.00","51.11","CALGARY INT'L CS","3031094","2023-11-04 21:00","2023","11","04","21:00","7.7","","0.9","","62","","0.0","","24","","22","","","","87.85","","","","","","NA"
"-114.00","51.11","CALGARY INT'L CS","3031094","2023-11-04 22:00","2023","11","04","22:00","11.1","","-0.2","","46","","0.0","","26","","29","","","","87.79","","","","","","NA"
"-114.00","51.11","CALGARY INT'L CS","3031094","2023-11-04 23:00","2023","11","04","23:00","10.7","","-0.9","","44","","0.0","","28","","18","","","","87.75","","","","","","NA"
"-114.00","51.11","CALGARY INT'L CS","3031094","2023-11-05 00:00","2023","11","05","00:00","8.6","","-1.2","","50","","0.0","","28","","16","","","","87.76","","","","","","NA"
"-114.00","51.11","CALGARY INT'L CS","3031094","2023-11-05 01:00","2023","11","05","01:00","6.2","","-1.1","","60","","0.0","","29","","9","","","","87.79","","","","","","NA"
"-114.00","51.11","CALGARY INT'L CS","3031094","2023-11-05 02:00","2023","11","05","02:00","5.2","","-0.5","","67","","0.0","","32","","11","","","","87.77","","","","","","NA"
"-114.00","51.11","CALGARY INT'L CS","3031094","2023-11-05 03:00","2023","11","05","03:00","4.8","","-1.7","","63","","0.0","","36","","4","","","","87.79","","","","","","NA"
"-114.00","51.11","CALGARY INT'L CS","3031094","2023-11-05 04:00","2023","11","05","04:00","5.9","","-1.1","","61","","0.0","","26","","12","","","","87.79","","","","","","NA"
"-114.00","51.11","CALGARY INT'L CS","3031094","2023-11-05 05:00","2023","11","05","05:00","8.9","","-1.6","","48","","0.0","","26","","7","","","","87.84","","","","","","NA"
"-114.00","51.11","CALGARY INT'L CS","3031094","2023-11-05 06:00","2023","11","05","06:00","11.2","","-1.6","","41","","0.0","","34","","25","","","","87.89","","","","","","NA"
"-114.00","51.11","CALGARY INT'L CS","3031094","2023-11-05 07:00","2023","11","05","07:00","7.1","","-1.5","","55","","0.0","","31","","3","","","","87.93","","","","","","NA"
"-114.00","51.11","CALGARY INT'L CS","3031094","2023-11-05 08:00","2023","11","05","08:00","6.6","","-1.8","","55","","0.0","","25","","5","","","","87.96","","","","","","NA"
"-114.00","51.11","CALGARY INT'L CS","3031094","2023-11-05 09:00","2023","11","05","09:00","8.0","","-1.4","","51","","0.0","","29","","3","","","","88.00","","","","","","NA"
"-114.00","51.11","CALGARY INT'L CS","3031094","2023-11-05 10:00","2023","11","05","10:00","9.8","","-1.4","","45","","0.0","","23","","5","","","","88.06","","","","","","NA"
"-114.00","51.11","CALGARY INT'L CS","3031094","2023-11-05 11:00","2023","11","05","11:00","10.0","","-1.2","","46","","0.0","","25","","10","","","","88.08","","","","","","NA"
"-114.00","51.11","CALGARY INT'L CS","3031094","2023-11-05 12:00","2023","11","05","12:00","10.8","","-2.0","","41","","0.0","","27","","17","","","","88.07","","","","","","NA"
"-114.00","51.11","CALGARY INT'L CS","3031094","2023-11-05 13:00","2023","11","05","13:00","12.5","","-5.1","","29","","0.0","","29","","31","","","","88.00","","","","","","NA"
"-114.00","51.11","CALGARY INT'L CS","3031094","2023-11-05 14:00","2023","11","05","14:00","12.5","","-4.3","","31","","0.0","","29","","25","","","","88.05","","","","","","NA"
"-114.00","51.11","CALGARY INT'L CS","3031094","2023-11-05 15:00","2023","11","05","15:00","11.9","","-1.0","","41","","0.0","","2","","14","","","","88.08","","","","","","NA"
"-114.00","51.11","CALGARY INT'L CS","3031094","2023-11-05 16:00","2023","11","05","16:00","11.2","","-3.4","","36","","0.0","","2","","9","","","","88.13","","","","","","NA"
"-114.00","51.11","CALGARY INT'L CS","3031094","2023-11-05 17:00","2023","11","05","17:00","6.1","","-3.6","","50","","0.0","","21","","3","","","","88.18","","","","","","NA"
"-114.00","51.11","CALGARY INT'L CS","3031094","2023-11-05 18:00","2023","11","05","18:00","5.9","","-5.5","","44","","0.0","","32","","11","","","","88.21","","","","","","NA"
"-114.00","51.11","CALGARY INT'L CS","3031094","2023-11-05 19:00","2023","11","05","19:00","6.1","","-6.4","","40","","0.0","","35","","2","","","","88.22","","","","","","NA"
"-114.00","51.11","CALGARY INT'L CS","3031094","2023-11-05 20:00","2023","11","05","20:00","5.9","","-6.5","","40","","0.0","","6","","4","","","","88.20","","","","","","NA"
"-114.00","51.11","CALGARY INT'L CS","3031094","2023-11-05 21:00","2023","11","05","21:00","3.7","","-6.7","","47","","0.0","","1","","2","","","","88.21","","","","","","NA"
"-114.00","51.11","CALGARY INT'L CS","3031094","2023-11-05 22:00","2023","11","05","22:00","5.9","","-5.0","","45","","0.0","","30","","18","","","","88.21","","","","","","NA"
"-114.00","51.11","CALGARY INT'L CS","3031094","2023-11-05 23:00","2023","11","05","23:00","3.0","","-5.8","","53","","0.0","","27","","6","","","","88.22","","","","","","NA"
"-114.00","51.11","CALGARY INT'L CS","3031094","2023-11-06 00:00","2023","11","06","00:00","2.5","","-5.4","","56","","0.0","","30","","4","","","","88.19","","","","","","NA"
"-114.00","51.11","CALGARY INT'L CS","3031094","2023-11-06 01:00","2023","11","06","01:00","-0.2","","-5.2","","69","","0.0","","5","","6","","","","88.19","","","","-2","","NA"
"-114.00","51.11","CALGARY INT'L CS","3031094","2023-11-06 02:00","2023","11","06","02:00","-1.4","","-6.6","","68","","0.0","","19","","7","","","","88.19","","","","-4","","NA"
"-114.00","51.11","CALGARY INT'L CS","3031094","2023-11-06 03:00","2023","11","06","03:00","-2.3","","-6.5","","73","","0.0","","18","","6","","","","88.17","","","","-5","","NA"
"-114.00","51.11","CALGARY INT'L CS","3031094","2023-11-06 04:00","2023","11","06","04:00","-1.0","","-5.3","","73","","0.0","","24","","6","","","","88.15","","","","-3","","NA"
"-114.00","51.11","CALGARY INT'L CS","3031094","2023-11-06 05:00","2023","11","06","05:00","-2.8","","-5.6","","81","","0.0","","21","","6","","","","88.14","","","","-5","","NA"
"-114.00","51.11","CALGARY INT'L CS","3031094","2023-11-06 06:00","2023","11","06","06:00","-3.0","","-6.0","","80","","0.0","","25","","2","","","","88.12","","","","-4","","NA"
"-114.00","51.11","CALGARY INT'L CS","3031094","2023-11-06 07:00","2023","11","06","07:00","-2.6","","-6.4","","76","","0.0","","23","","4","","","","88.07","","","","-4","","NA"
"-114.00","51.11","CALGARY INT'L CS","3031094","2023-11-06 08:00","2023","11","06","08:00","-3.7","","-6.9","","79","","0.0","","22","","5","","","","88.09","","","","-6","","NA"
"-114.00","51.11","CALGARY INT'L CS","3031094","2023-11-06 09:00","2023","11","06","09:00","-1.5","","-3.9","","84","","0.0","","","","0","","","","88.07","","","","","","NA"
"-114.00","51.11","CALGARY INT'L CS","3031094","2023-11-06 10:00","2023","11","06","10:00","1.5","","-2.7","","73","","0.0","","16","","2","","","","88.03","","","","","","NA"
"-114.00","51.11","CALGARY INT'L CS","3031094","2023-11-06 11:00","2023","11","06","11:00","3.6","","-3.5","","60","","0.0","","22","","4","","","","88.02","","","","","","NA"
"-114.00","51.11","CALGARY INT'L CS","3031094","2023-11-06 12:00","2023","11","06","12:00","6.2","","-3.5","","50","","0.0","","7","","2","","","","87.96","","","","","","NA"
"-114.00","51.11","CALGARY INT'L CS","3031094","2023-11-06 13:00","2023","11","06","13:00","8.8","","-5.7","","35","","0.0","","14","","15","","","","87.88","","","","","","NA"
"-114.00","51.11","CALGARY INT'L CS","3031094","2023-11-06 14:00","2023","11","06","14:00","8.4","","-5.0","","38","","0.0","","14","","16","","","","87.84","","","","","","NA"
"-114.00","51.11","CALGARY INT'L CS","3031094","2023-11-06 15:00","2023","11","06","15:00","6.1","","-3.2","","51","","0.0","","15","","14","","","","87.81","","","","","","NA"
"-114.00","51.11","CALGARY INT'L CS","3031094","2023-11-06 16:00","2023","11","06","16:00","5.5","","-3.1","","54","","0.0","","16","","12","","","","87.79","","","","","","NA"
"-114.00","51.11","CALGARY INT'L CS","3031094","2023-11-06 17:00","2023","11","06","17:00","2.4","","-1.9","","73","","0.0","","15","","9","","","","87.80","","","","","","NA"
"-114.00","51.11","CALGARY INT'L CS","3031094","2023-11-06 18:00","2023","11","06","18:00","1.4","","-1.8","","79","","0.0","","15","","9","","","","87.81","","","","","","NA"
"-114.00","51.11","CALGARY INT'L CS","3031094","2023-11-06 19:00","2023","11","06","19:00","0.7","","-1.5","","85","","0.0","","14","","8","","","","87.79","","","","","","NA"
"-114.00","51.11","CALGARY INT'L CS","3031094","2023-11-06 20:00","2023","11","06","20:00","-0.2","","-1.8","","89","","0.0","","14","","9","","","","87.75","","","","-3","","NA"
"-114.00","51.11","CALGARY INT'L CS","3031094","2023-11-06 21:00","2023","11","06","21:00","-0.6","","-1.8","","91","","0.0","","19","","5","","","","87.74","","","","-2","","NA"
"-114.00","51.11","CALGARY INT'L CS","3031094","2023-11-06 22:00","2023","11","06","22:00","-0.7","","-1.7","","93","","0.0","","15","","6","","","","87.72","","","","-3","","NA"
"-114.00","51.11","CALGARY INT'L CS","3031094","2023-11-06 23:00","2023","11","06","23:00","-0.3","","-1.4","","93","","0.0","","14","","7","","","","87.69","","","","-3","","NA"
"-114.00","51.11","CALGARY INT'L CS","3031094","2023-11-07 00:00","2023","11","07","00:00","-0.1","","-1.1","","93","","0.0","","13","","4","","","","87.65","","","","-1","","NA"
"-114.00","51.11","CALGARY INT'L CS","3031094","2023-11-07 01:00","2023","11","07","01:00","0.6","","-0.6","","92","","0.0","","17","","6","","","","87.62","","","","","","NA"
"-114.00","51.11","CALGARY INT'L CS","3031094","2023-11-07 02:00","2023","11","07","02:00","0.7","","-0.6","","91","","0.0","","14","","5","","","","87.60","","","","","","NA"
"-114.00","51.11","CALGARY INT'L CS","3031094","2023-11-07 03:00","2023","11","07","03:00","1.0","","-0.2","","92","","0.0","","30","","4","","","","87.61","","","","","","NA"
"-114.00","51.11","CALGARY INT'L CS","3031094","2023-11-07 04:00","2023","11","07","04:00","1.2","","0.1","","92","","0.0","","22","","5","","","","87.64","","","","","","NA"
"-114.00","51.11","CALGARY INT'L CS","3031094","2023-11-07 05:00","2023","11","07","05:00","2.5","","-2.3","","71","","0.0","","33","","14","","","","87.67","","","","","","NA"
"-114.00","51.11","CALGARY INT'L CS","3031094","2023-11-07 06:00","2023","11","07","06:00","2.7","","-3.8","","62","","0.0","","34","","12","","","","87.70","","","","","","NA"
"-114.00","51.11","CALGARY INT'L CS","3031094","2023-11-07 07:00","2023","11","07","07:00","3.0","","-4.4","","58","","0.0","","34","","14","","","","87.73","","","","","","NA"
"-114.00","51.11","CALGARY INT'L CS","3031094","2023-11-07 08:00","2023","11","07","08:00","2.6","","-4.3","","61","","0.0","","33","","9","","","","87.80","","","","","","NA"
"-114.00","51.11","CALGARY INT'L CS","3031094","2023-11-07 09:00","2023","11","07","09:00","3.8","","-4.5","","55","","0.0","","33","","11","","","","87.84","","","","","","NA"
"-114.00","51.11","CALGARY INT'L CS","3031094","2023-11-07 10:00","2023","11","07","10:00","5.1","","-4.6","","49","","0.0","","32","","14","","","","87.86","","","","","","NA"
"-114.00","51.11","CALGARY INT'L CS","3031094","2023-11-07 11:00","2023","11","07","11:00","6.1","","-4.2","","48","","0.0","","31","","16","","","","87.88","","","","","","NA"
"-114.00","51.11","CALGARY INT'L CS","3031094","2023-11-07 12:00","2023","11","07","12:00","7.1","","-4.4","","44","","0.0","","35","","11","","","","87.88","","","","","","NA"
"-114.00","51.11","CALGARY INT'L CS","3031094","2023-11-07 13:00","2023","11","07","13:00","8.1","","-5.1","","39","","0.0","","35","","10","","","","87.88","","","","","","NA"
"-114.00","51.11","CALGARY INT'L CS","3031094","2023-11-07 14:00","2023","11","07","14:00","8.8","","-5.1","","37","","0.0","","2","","11","","","","87.90","","","","","","NA"
"-114.00","51.11","CALGARY INT'L CS","3031094","2023-11-07 15:00","2023","11","07","15:00","8.2","","-5.0","","39","","0.0","","5","","5","","","","87.94","","","","","","NA"
"-114.00","51.11","CALGARY INT'L CS","3031094","2023-11-07 16:00","2023","11","07","16:00","7.3","","-4.2","","44","","0.0","","12","","7","","","","87.99","","","","","","NA"
"-114.00","51.11","CALGARY INT'L CS","3031094","2023-11-07 17:00","2023","11","07","17:00","4.6","","-3.1","","57","","0.0","","14","","10","","","","88.09","","","","","","NA"
"-114.00","51.11","CALGARY INT'L CS","3031094","2023-11-07 18:00","2023","11","07","18:00","3.4","","-3.2","","62","","0.0","","18","","3","","","","88.21","","","","","","NA"
"-114.00","51.11","CALGARY INT'L CS","3031094","2023-11-07 19:00","2023","11","07","19:00","2.7","","-0.2","","81","","0.0","","2","","28","","","","88.47","","","","","","NA"
"-114.00","51.11","CALGARY INT'L CS","3031094","2023-11-07 20:00","2023","11","07","20:00","1.6","","-1.1","","82","","0.0","","36","","15","","","","88.59","","","","","","NA"
"-114.00","51.11","CALGARY INT'L CS","3031094","2023-11-07 21:00","2023","11","07","21:00","-0.4","","-2.2","","88","","0.0","","31","","8","","","","88.70","","","","-3","","NA"
"-114.00","51.11","CALGARY INT'L CS","3031094","2023-11-07 22:00","2023","11","07","22:00","-0.8","","-2.5","","88","","0.0","","34","","4","","","","88.78","","","","-2","","NA"
"-114.00","51.11","CALGARY INT'L CS","3031094","2023-11-07 23:00","2023","11","07","23:00","-2.0","","-3.3","","91","","0.0","","24","","5","","","","88.83","","","","-4","","NA"
"-114.00","51.11","CALGARY INT'L CS","3031094","2023-11-08 00:00","2023","11","08","00:00"
"-114.00","51.11","CALGARY INT'L CS","3031094","2023-11-08 01:00","2023","11","08","01:00"
"-114.00","51.11","CALGARY INT'L CS","3031094","2023-11-08 02:00","2023","11","08","02:00"
"-114.00","51.11","CALGARY INT'L CS","3031094","2023-11-08 03:00","2023","11","08","03:00"
"-114.00","51.11","CALGARY INT'L CS","3031094","2023-11-08 04:00","2023","11","08","04:00"
"-114.00","51.11","CALGARY INT'L CS","3031094","2023-11-08 05:00","2023","11","08","05:00"
"-114.00","51.11","CALGARY INT'L CS","3031094","2023-11-08 06:00","2023","11","08","06:00"
"-114.00","51.11","CALGARY INT'L CS","3031094","2023-11-08 07:00","2023","11","08","07:00"
"-114.00","51.11","CALGARY INT'L CS","3031094","2023-11-08 08:00","2023","11","08","08:00"
"-114.00","51.11","CALGARY INT'L CS","3031094","2023-11-08 09:00","2023","11","08","09:00"
"-114.00","51.11","CALGARY INT'L CS","3031094","2023-11-08 10:00","2023","11","08","10:00"
"-114.00","51.11","CALGARY INT'L CS","3031094","2023-11-08 11:00","2023","11","08","11:00"
"-114.00","51.11","CALGARY INT'L CS","3031094","2023-11-08 12:00","2023","11","08","12:00"
"-114.00","51.11","CALGARY INT'L CS","3031094","2023-11-08 13:00","2023","11","08","13:00"
"-114.00","51.11","CALGARY INT'L CS","3031094","2023-11-08 14:00","2023","11","08","14:00"
"-114.00","51.11","CALGARY INT'L CS","3031094","2023-11-08 15:00","2023","11","08","15:00"
"-114.00","51.11","CALGARY INT'L CS","3031094","2023-11-08 16:00","2023","11","08","16:00"
"-114.00","51.11","CALGARY INT'L CS","3031094","2023-11-08 17:00","2023","11","08","17:00"
"-114.00","51.11","CALGARY INT'L CS","3031094","2023-11-08 18:00","2023","11","08","18:00"
"-114.00","51.11","CALGARY INT'L CS","3031094","2023-11-08 19:00","2023","11","08","19:00"
"-114.00","51.11","CALGARY INT'L CS","3031094","2023-11-08 20:00","2023","11","08","20:00"
"-114.00","51.11","CALGARY INT'L CS","3031094","2023-11-08 21:00","2023","11","08","21:00"
"-114.00","51.11","CALGARY INT'L CS","3031094","2023-11-08 22:00","2023","11","08","22:00"
"-114.00","51.11","CALGARY INT'L CS","3031094","2023-11-08 23:00","2023","11","08","23:00"
"-114.00","51.11","CALGARY INT'L CS","3031094","2023-11-09 00:00","2023","11","09","00:00"
"-114.00","51.11","CALGARY INT'L CS","3031094","2023-11-09 01:00","2023","11","09","01:00"
"-114.00","51.11","CALGARY INT'L CS","3031094","2023-11-09 02:00","2023","11","09","02:00"
"-114.00","51.11","CALGARY INT'L CS","3031094","2023-11-09 03:00","2023","11","09","03:00"
"-114.00","51.11","CALGARY INT'L CS","3031094","2023-11-09 04:00","2023","11","09","04:00"
"-114.00","51.11","CALGARY INT'L CS","3031094","2023-11-09 05:00","2023","11","09","05:00"
"-114.00","51.11","CALGARY INT'L CS","3031094","2023-11-09 06:00","2023","11","09","06:00"
"-114.00","51.11","CALGARY INT'L CS","3031094","2023-11-09 07:00","2023","11","09","07:00"
"-114.00","51.11","CALGARY INT'L CS","3031094","2023-11-09 08:00","2023","11","09","08:00"
"-114.00","51.11","CALGARY INT'L CS","3031094","2023-11-09 09:00","2023","11","09","09:00"
"-114.00","51.11","CALGARY INT'L CS","3031094","2023-11-09 10:00","2023","11","09","10:00"
"-114.00","51.11","CALGARY INT'L CS","3031094","2023-11-09 11:00","2023","11","09","11:00"
"-114.00","51.11","CALGARY INT'L CS","3031094","2023-11-09 12:00","2023","11","09","12:00"
"-114.00","51.11","CALGARY INT'L CS","3031094","2023-11-09 13:00","2023","11","09","13:00"
"-114.00","51.11","CALGARY INT'L CS","3031094","2023-11-09 14:00","2023","11","09","14:00"
"-114.00","51.11","CALGARY INT'L CS","3031094","2023-11-09 15:00","2023","11","09","15:00"
"-114.00","51.11","CALGARY INT'L CS","3031094","2023-11-09 16:00","2023","11","09","16:00"
"-114.00","51.11","CALGARY INT'L CS","3031094","2023-11-09 17:00","2023","11","09","17:00"
"-114.00","51.11","CALGARY INT'L CS","3031094","2023-11-09 18:00","2023","11","09","18:00"
"-114.00","51.11","CALGARY INT'L CS","3031094","2023-11-09 19:00","2023","11","09","19:00"
"-114.00","51.11","CALGARY INT'L CS","3031094","2023-11-09 20:00","2023","11","09","20:00"
"-114.00","51.11","CALGARY INT'L CS","3031094","2023-11-09 21:00","2023","11","09","21:00"
"-114.00","51.11","CALGARY INT'L CS","3031094","2023-11-09 22:00","2023","11","09","22:00"
"-114.00","51.11","CALGARY INT'L CS","3031094","2023-11-09 23:00","2023","11","09","23:00"
"-114.00","51.11","CALGARY INT'L CS","3031094","2023-11-10 00:00","2023","11","10","00:00"
"-114.00","51.11","CALGARY INT'L CS","3031094","2023-11-10 01:00","2023","11","10","01:00"
"-114.00","51.11","CALGARY INT'L CS","3031094","2023-11-10 02:00","2023","11","10","02:00"
"-114.00","51.11","CALGARY INT'L CS","3031094","2023-11-10 03:00","2023","11","10","03:00"
"-114.00","51.11","CALGARY INT'L CS","3031094","2023-11-10 04:00","2023","11","10","04:00"
"-114.00","51.11","CALGARY INT'L CS","3031094","2023-11-10 05:00","2023","11","10","05:00"
"-114.00","51.11","CALGARY INT'L CS","3031094","2023-11-10 06:00","2023","11","10","06:00"
"-114.00","51.11","CALGARY INT'L CS","3031094","2023-11-10 07:00","2023","11","10","07:00"
"-114.00","51.11","CALGARY INT'L CS","3031094","2023-11-10 08:00","2023","11","10","08:00"
"-114.00","51.11","CALGARY INT'L CS","3031094","2023-11-10 09:00","2023","11","10","09:00"
"-114.00","51.11","CALGARY INT'L CS","3031094","2023-11-10 10:00","2023","11","10","10:00"
"-114.00","51.11","CALGARY INT'L CS","3031094","2023-11-10 11:00","2023","11","10","11:00"
"-114.00","51.11","CALGARY INT'L CS","3031094","2023-11-10 12:00","2023","11","10","12:00"
"-114.00","51.11","CALGARY INT'L CS","3031094","2023-11-10 13:00","2023","11","10","13:00"
"-114.00","51.11","CALGARY INT'L CS","3031094","2023-11-10 14:00","2023","11","10","14:00"
"-114.00","51.11","CALGARY INT'L CS","3031094","2023-11-10 15:00","2023","11","10","15:00"
"-114.00","51.11","CALGARY INT'L CS","3031094","2023-11-10 16:00","2023","11","10","16:00"
"-114.00","51.11","CALGARY INT'L CS","3031094","2023-11-10 17:00","2023","11","10","17:00"
"-114.00","51.11","CALGARY INT'L CS","3031094","2023-11-10 18:00","2023","11","10","18:00"
"-114.00","51.11","CALGARY INT'L CS","3031094","2023-11-10 19:00","2023","11","10","19:00"
"-114.00","51.11","CALGARY INT'L CS","3031094","2023-11-10 20:00","2023","11","10","20:00"
"-114.00","51.11","CALGARY INT'L CS","3031094","2023-11-10 21:00","2023","11","10","21:00"
"-114.00","51.11","CALGARY INT'L CS","3031094","2023-11-10 22:00","2023","11","10","22:00"
"-114.00","51.11","CALGARY INT'L CS","3031094","2023-11-10 23:00","2023","11","10","23:00"
"-114.00","51.11","CALGARY INT'L CS","3031094","2023-11-11 00:00","2023","11","11","00:00"
"-114.00","51.11","CALGARY INT'L CS","3031094","2023-11-11 01:00","2023","11","11","01:00"
"-114.00","51.11","CALGARY INT'L CS","3031094","2023-11-11 02:00","2023","11","11","02:00"
"-114.00","51.11","CALGARY INT'L CS","3031094","2023-11-11 03:00","2023","11","11","03:00"
"-114.00","51.11","CALGARY INT'L CS","3031094","2023-11-11 04:00","2023","11","11","04:00"
"-114.00","51.11","CALGARY INT'L CS","3031094","2023-11-11 05:00","2023","11","11","05:00"
"-114.00","51.11","CALGARY INT'L CS","3031094","2023-11-11 06:00","2023","11","11","06:00"
"-114.00","51.11","CALGARY INT'L CS","3031094","2023-11-11 07:00","2023","11","11","07:00"
"-114.00","51.11","CALGARY INT'L CS","3031094","2023-11-11 08:00","2023","11","11","08:00"
"-114.00","51.11","CALGARY INT'L CS","3031094","2023-11-11 09:00","2023","11","11","09:00"
"-114.00","51.11","CALGARY INT'L CS","3031094","2023-11-11 10:00","2023","11","11","10:00"
"-114.00","51.11","CALGARY INT'L CS","3031094","2023-11-11 11:00","2023","11","11","11:00"
"-114.00","51.11","CALGARY INT'L CS","3031094","2023-11-11 12:00","2023","11","11","12:00"
"-114.00","51.11","CALGARY INT'L CS","3031094","2023-11-11 13:00","2023","11","11","13:00"
"-114.00","51.11","CALGARY INT'L CS","3031094","2023-11-11 14:00","2023","11","11","14:00"
"-114.00","51.11","CALGARY INT'L CS","3031094","2023-11-11 15:00","2023","11","11","15:00"
"-114.00","51.11","CALGARY INT'L CS","3031094","2023-11-11 16:00","2023","11","11","16:00"
"-114.00","51.11","CALGARY INT'L CS","3031094","2023-11-11 17:00","2023","11","11","17:00"
"-114.00","51.11","CALGARY INT'L CS","3031094","2023-11-11 18:00","2023","11","11","18:00"
"-114.00","51.11","CALGARY INT'L CS","3031094","2023-11-11 19:00","2023","11","11","19:00"
"-114.00","51.11","CALGARY INT'L CS","3031094","2023-11-11 20:00","2023","11","11","20:00"
"-114.00","51.11","CALGARY INT'L CS","3031094","2023-11-11 21:00","2023","11","11","21:00"
"-114.00","51.11","CALGARY INT'L CS","3031094","2023-11-11 22:00","2023","11","11","22:00"
"-114.00","51.11","CALGARY INT'L CS","3031094","2023-11-11 23:00","2023","11","11","23:00"
"-114.00","51.11","CALGARY INT'L CS","3031094","2023-11-12 00:00","2023","11","12","00:00"
"-114.00","51.11","CALGARY INT'L CS","3031094","2023-11-12 01:00","2023","11","12","01:00"
"-114.00","51.11","CALGARY INT'L CS","3031094","2023-11-12 02:00","2023","11","12","02:00"
"-114.00","51.11","CALGARY INT'L CS","3031094","2023-11-12 03:00","2023","11","12","03:00"
"-114.00","51.11","CALGARY INT'L CS","3031094","2023-11-12 04:00","2023","11","12","04:00"
"-114.00","51.11","CALGARY INT'L CS","3031094","2023-11-12 05:00","2023","11","12","05:00"
"-114.00","51.11","CALGARY INT'L CS","3031094","2023-11-12 06:00","2023","11","12","06:00"
"-114.00","51.11","CALGARY INT'L CS","3031094","2023-11-12 07:00","2023","11","12","07:00"
"-114.00","51.11","CALGARY INT'L CS","3031094","2023-11-12 08:00","2023","11","12","08:00"
"-114.00","51.11","CALGARY INT'L CS","3031094","2023-11-12 09:00","2023","11","12","09:00"
"-114.00","51.11","CALGARY INT'L CS","3031094","2023-11-12 10:00","2023","11","12","10:00"
"-114.00","51.11","CALGARY INT'L CS","3031094","2023-11-12 11:00","2023","11","12","11:00"
"-114.00","51.11","CALGARY INT'L CS","3031094","2023-11-12 12:00","2023","11","12","12:00"
"-114.00","51.11","CALGARY INT'L CS","3031094","2023-11-12 13:00","2023","11","12","13:00"
"-114.00","51.11","CALGARY INT'L CS","3031094","2023-11-12 14:00","2023","11","12","14:00"
"-114.00","51.11","CALGARY INT'L CS","3031094","2023-11-12 15:00","2023","11","12","15:00"
"-114.00","51.11","CALGARY INT'L CS","3031094","2023-11-12 16:00","2023","11","12","16:00"
"-114.00","51.11","CALGARY INT'L CS","3031094","2023-11-12 17:00","2023","11","12","17:00"
"-114.00","51.11","CALGARY INT'L CS","3031094","2023-11-12 18:00","2023","11","12","18:00"
"-114.00","51.11","CALGARY INT'L CS","3031094","2023-11-12 19:00","2023","11","12","19:00"
"-114.00","51.11","CALGARY INT'L CS","3031094","2023-11-12 20:00","2023","11","12","20:00"
"-114.00","51.11","CALGARY INT'L CS","3031094","2023-11-12 21:00","2023","11","12","21:00"
"-114.00","51.11","CALGARY INT'L CS","3031094","2023-11-12 22:00","2023","11","12","22:00"
"-114.00","51.11","CALGARY INT'L CS","3031094","2023-11-12 23:00","2023","11","12","23:00"
"-114.00","51.11","CALGARY INT'L CS","3031094","2023-11-13 00:00","2023","11","13","00:00"
"-114.00","51.11","CALGARY INT'L CS","3031094","2023-11-13 01:00","2023","11","13","01:00"
"-114.00","51.11","CALGARY INT'L CS","3031094","2023-11-13 02:00","2023","11","13","02:00"
"-114.00","51.11","CALGARY INT'L CS","3031094","2023-11-13 03:00","2023","11","13","03:00"
"-114.00","51.11","CALGARY INT'L CS","3031094","2023-11-13 04:00","2023","11","13","04:00"
"-114.00","51.11","CALGARY INT'L CS","3031094","2023-11-13 05:00","2023","11","13","05:00"
"-114.00","51.11","CALGARY INT'L CS","3031094","2023-11-13 06:00","2023","11","13","06:00"
"-114.00","51.11","CALGARY INT'L CS","3031094","2023-11-13 07:00","2023","11","13","07:00"
"-114.00","51.11","CALGARY INT'L CS","3031094","2023-11-13 08:00","2023","11","13","08:00"
"-114.00","51.11","CALGARY INT'L CS","3031094","2023-11-13 09:00","2023","11","13","09:00"
"-114.00","51.11","CALGARY INT'L CS","3031094","2023-11-13 10:00","2023","11","13","10:00"
"-114.00","51.11","CALGARY INT'L CS","3031094","2023-11-13 11:00","2023","11","13","11:00"
"-114.00","51.11","CALGARY INT'L CS","3031094","2023-11-13 12:00","2023","11","13","12:00"
"-114.00","51.11","CALGARY INT'L CS","3031094","2023-11-13 13:00","2023","11","13","13:00"
"-114.00","51.11","CALGARY INT'L CS","3031094","2023-11-13 14:00","2023","11","13","14:00"
"-114.00","51.11","CALGARY INT'L CS","3031094","2023-11-13 15:00","2023","11","13","15:00"
"-114.00","51.11","CALGARY INT'L CS","3031094","2023-11-13 16:00","2023","11","13","16:00"
"-114.00","51.11","CALGARY INT'L CS","3031094","2023-11-13 17:00","2023","11","13","17:00"
"-114.00","51.11","CALGARY INT'L CS","3031094","2023-11-13 18:00","2023","11","13","18:00"
"-114.00","51.11","CALGARY INT'L CS","3031094","2023-11-13 19:00","2023","11","13","19:00"
"-114.00","51.11","CALGARY INT'L CS","3031094","2023-11-13 20:00","2023","11","13","20:00"
"-114.00","51.11","CALGARY INT'L CS","3031094","2023-11-13 21:00","2023","11","13","21:00"
"-114.00","51.11","CALGARY INT'L CS","3031094","2023-11-13 22:00","2023","11","13","22:00"
"-114.00","51.11","CALGARY INT'L CS","3031094","2023-11-13 23:00","2023","11","13","23:00"
"-114.00","51.11","CALGARY INT'L CS","3031094","2023-11-14 00:00","2023","11","14","00:00"
"-114.00","51.11","CALGARY INT'L CS","3031094","2023-11-14 01:00","2023","11","14","01:00"
"-114.00","51.11","CALGARY INT'L CS","3031094","2023-11-14 02:00","2023","11","14","02:00"
"-114.00","51.11","CALGARY INT'L CS","3031094","2023-11-14 03:00","2023","11","14","03:00"
"-114.00","51.11","CALGARY INT'L CS","3031094","2023-11-14 04:00","2023","11","14","04:00"
"-114.00","51.11","CALGARY INT'L CS","3031094","2023-11-14 05:00","2023","11","14","05:00"
"-114.00","51.11","CALGARY INT'L CS","3031094","2023-11-14 06:00","2023","11","14","06:00"
"-114.00","51.11","CALGARY INT'L CS","3031094","2023-11-14 07:00","2023","11","14","07:00"
"-114.00","51.11","CALGARY INT'L CS","3031094","2023-11-14 08:00","2023","11","14","08:00"
"-114.00","51.11","CALGARY INT'L CS","3031094","2023-11-14 09:00","2023","11","14","09:00"
"-114.00","51.11","CALGARY INT'L CS","3031094","2023-11-14 10:00","2023","11","14","10:00"
"-114.00","51.11","CALGARY INT'L CS","3031094","2023-11-14 11:00","2023","11","14","11:00"
"-114.00","51.11","CALGARY INT'L CS","3031094","2023-11-14 12:00","2023","11","14","12:00"
"-114.00","51.11","CALGARY INT'L CS","3031094","2023-11-14 13:00","2023","11","14","13:00"
"-114.00","51.11","CALGARY INT'L CS","3031094","2023-11-14 14:00","2023","11","14","14:00"
"-114.00","51.11","CALGARY INT'L CS","3031094","2023-11-14 15:00","2023","11","14","15:00"
"-114.00","51.11","CALGARY INT'L CS","3031094","2023-11-14 16:00","2023","11","14","16:00"
"-114.00","51.11","CALGARY INT'L CS","3031094","2023-11-14 17:00","2023","11","14","17:00"
"-114.00","51.11","CALGARY INT'L CS","3031094","2023-11-14 18:00","2023","11","14","18:00"
"-114.00","51.11","CALGARY INT'L CS","3031094","2023-11-14 19:00","2023","11","14","19:00"
"-114.00","51.11","CALGARY INT'L CS","3031094","2023-11-14 20:00","2023","11","14","20:00"
"-114.00","51.11","CALGARY INT'L CS","3031094","2023-11-14 21:00","2023","11","14","21:00"
"-114.00","51.11","CALGARY INT'L CS","3031094","2023-11-14 22:00","2023","11","14","22:00"
"-114.00","51.11","CALGARY INT'L CS","3031094","2023-11-14 23:00","2023","11","14","23:00"
"-114.00","51.11","CALGARY INT'L CS","3031094","2023-11-15 00:00","2023","11","15","00:00"
"-114.00","51.11","CALGARY INT'L CS","3031094","2023-11-15 01:00","2023","11","15","01:00"
"-114.00","51.11","CALGARY INT'L CS","3031094","2023-11-15 02:00","2023","11","15","02:00"
"-114.00","51.11","CALGARY INT'L CS","3031094","2023-11-15 03:00","2023","11","15","03:00"
"-114.00","51.11","CALGARY INT'L CS","3031094","2023-11-15 04:00","2023","11","15","04:00"
"-114.00","51.11","CALGARY INT'L CS","3031094","2023-11-15 05:00","2023","11","15","05:00"
"-114.00","51.11","CALGARY INT'L CS","3031094","2023-11-15 06:00","2023","11","15","06:00"
"-114.00","51.11","CALGARY INT'L CS","3031094","2023-11-15 07:00","2023","11","15","07:00"
"-114.00","51.11","CALGARY INT'L CS","3031094","2023-11-15 08:00","2023","11","15","08:00"
"-114.00","51.11","CALGARY INT'L CS","3031094","2023-11-15 09:00","2023","11","15","09:00"
"-114.00","51.11","CALGARY INT'L CS","3031094","2023-11-15 10:00","2023","11","15","10:00"
"-114.00","51.11","CALGARY INT'L CS","3031094","2023-11-15 11:00","2023","11","15","11:00"
"-114.00","51.11","CALGARY INT'L CS","3031094","2023-11-15 12:00","2023","11","15","12:00"
"-114.00","51.11","CALGARY INT'L CS","3031094","2023-11-15 13:00","2023","11","15","13:00"
"-114.00","51.11","CALGARY INT'L CS","3031094","2023-11-15 14:00","2023","11","15","14:00"
"-114.00","51.11","CALGARY INT'L CS","3031094","2023-11-15 15:00","2023","11","15","15:00"
"-114.00","51.11","CALGARY INT'L CS","3031094","2023-11-15 16:00","2023","11","15","16:00"
"-114.00","51.11","CALGARY INT'L CS","3031094","2023-11-15 17:00","2023","11","15","17:00"
"-114.00","51.11","CALGARY INT'L CS","3031094","2023-11-15 18:00","2023","11","15","18:00"
"-114.00","51.11","CALGARY INT'L CS","3031094","2023-11-15 19:00","2023","11","15","19:00"
"-114.00","51.11","CALGARY INT'L CS","3031094","2023-11-15 20:00","2023","11","15","20:00"
"-114.00","51.11","CALGARY INT'L CS","3031094","2023-11-15 21:00","2023","11","15","21:00"
"-114.00","51.11","CALGARY INT'L CS","3031094","2023-11-15 22:00","2023","11","15","22:00"
"-114.00","51.11","CALGARY INT'L CS","3031094","2023-11-15 23:00","2023","11","15","23:00"
"-114.00","51.11","CALGARY INT'L CS","3031094","2023-11-16 00:00","2023","11","16","00:00"
"-114.00","51.11","CALGARY INT'L CS","3031094","2023-11-16 01:00","2023","11","16","01:00"
"-114.00","51.11","CALGARY INT'L CS","3031094","2023-11-16 02:00","2023","11","16","02:00"
"-114.00","51.11","CALGARY INT'L CS","3031094","2023-11-16 03:00","2023","11","16","03:00"
"-114.00","51.11","CALGARY INT'L CS","3031094","2023-11-16 04:00","2023","11","16","04:00"
"-114.00","51.11","CALGARY INT'L CS","3031094","2023-11-16 05:00","2023","11","16","05:00"
"-114.00","51.11","CALGARY INT'L CS","3031094","2023-11-16 06:00","2023","11","16","06:00"
"-114.00","51.11","CALGARY INT'L CS","3031094","2023-11-16 07:00","2023","11","16","07:00"
"-114.00","51.11","CALGARY INT'L CS","3031094","2023-11-16 08:00","2023","11","16","08:00"
"-114.00","51.11","CALGARY INT'L CS","3031094","2023-11-16 09:00","2023","11","16","09:00"
"-114.00","51.11","CALGARY INT'L CS","3031094","2023-11-16 10:00","2023","11","16","10:00"
"-114.00","51.11","CALGARY INT'L CS","3031094","2023-11-16 11:00","2023","11","16","11:00"
"-114.00","51.11","CALGARY INT'L CS","3031094","2023-11-16 12:00","2023","11","16","12:00"
"-114.00","51.11","CALGARY INT'L CS","3031094","2023-11-16 13:00","2023","11","16","13:00"
"-114.00","51.11","CALGARY INT'L CS","3031094","2023-11-16 14:00","2023","11","16","14:00"
"-114.00","51.11","CALGARY INT'L CS","3031094","2023-11-16 15:00","2023","11","16","15:00"
"-114.00","51.11","CALGARY INT'L CS","3031094","2023-11-16 16:00","2023","11","16","16:00"
"-114.00","51.11","CALGARY INT'L CS","3031094","2023-11-16 17:00","2023","11","16","17:00"
"-114.00","51.11","CALGARY INT'L CS","3031094","2023-11-16 18:00","2023","11","16","18:00"
"-114.00","51.11","CALGARY INT'L CS","3031094","2023-11-16 19:00","2023","11","16","19:00"
"-114.00","51.11","CALGARY INT'L CS","3031094","2023-11-16 20:00","2023","11","16","20:00"
"-114.00","51.11","CALGARY INT'L CS","3031094","2023-11-16 21:00","2023","11","16","21:00"
"-114.00","51.11","CALGARY INT'L CS","3031094","2023-11-16 22:00","2023","11","16","22:00"
"-114.00","51.11","CALGARY INT'L CS","3031094","2023-11-16 23:00","2023","11","16","23:00"
"-114.00","51.11","CALGARY INT'L CS","3031094","2023-11-17 00:00","2023","11","17","00:00"
"-114.00","51.11","CALGARY INT'L CS","3031094","2023-11-17 01:00","2023","11","17","01:00"
"-114.00","51.11","CALGARY INT'L CS","3031094","2023-11-17 02:00","2023","11","17","02:00"
"-114.00","51.11","CALGARY INT'L CS","3031094","2023-11-17 03:00","2023","11","17","03:00"
"-114.00","51.11","CALGARY INT'L CS","3031094","2023-11-17 04:00","2023","11","17","04:00"
"-114.00","51.11","CALGARY INT'L CS","3031094","2023-11-17 05:00","2023","11","17","05:00"
"-114.00","51.11","CALGARY INT'L CS","3031094","2023-11-17 06:00","2023","11","17","06:00"
"-114.00","51.11","CALGARY INT'L CS","3031094","2023-11-17 07:00","2023","11","17","07:00"
"-114.00","51.11","CALGARY INT'L CS","3031094","2023-11-17 08:00","2023","11","17","08:00"
"-114.00","51.11","CALGARY INT'L CS","3031094","2023-11-17 09:00","2023","11","17","09:00"
"-114.00","51.11","CALGARY INT'L CS","3031094","2023-11-17 10:00","2023","11","17","10:00"
"-114.00","51.11","CALGARY INT'L CS","3031094","2023-11-17 11:00","2023","11","17","11:00"
"-114.00","51.11","CALGARY INT'L CS","3031094","2023-11-17 12:00","2023","11","17","12:00"
"-114.00","51.11","CALGARY INT'L CS","3031094","2023-11-17 13:00","2023","11","17","13:00"
"-114.00","51.11","CALGARY INT'L CS","3031094","2023-11-17 14:00","2023","11","17","14:00"
"-114.00","51.11","CALGARY INT'L CS","3031094","2023-11-17 15:00","2023","11","17","15:00"
"-114.00","51.11","CALGARY INT'L CS","3031094","2023-11-17 16:00","2023","11","17","16:00"
"-114.00","51.11","CALGARY INT'L CS","3031094","2023-11-17 17:00","2023","11","17","17:00"
"-114.00","51.11","CALGARY INT'L CS","3031094","2023-11-17 18:00","2023","11","17","18:00"
"-114.00","51.11","CALGARY INT'L CS","3031094","2023-11-17 19:00","2023","11","17","19:00"
"-114.00","51.11","CALGARY INT'L CS","3031094","2023-11-17 20:00","2023","11","17","20:00"
"-114.00","51.11","CALGARY INT'L CS","3031094","2023-11-17 21:00","2023","11","17","21:00"
"-114.00","51.11","CALGARY INT'L CS","3031094","2023-11-17 22:00","2023","11","17","22:00"
"-114.00","51.11","CALGARY INT'L CS","3031094","2023-11-17 23:00","2023","11","17","23:00"
"-114.00","51.11","CALGARY INT'L CS","3031094","2023-11-18 00:00","2023","11","18","00:00"
"-114.00","51.11","CALGARY INT'L CS","3031094","2023-11-18 01:00","2023","11","18","01:00"
"-114.00","51.11","CALGARY INT'L CS","3031094","2023-11-18 02:00","2023","11","18","02:00"
"-114.00","51.11","CALGARY INT'L CS","3031094","2023-11-18 03:00","2023","11","18","03:00"
"-114.00","51.11","CALGARY INT'L CS","3031094","2023-11-18 04:00","2023","11","18","04:00"
"-114.00","51.11","CALGARY INT'L CS","3031094","2023-11-18 05:00","2023","11","18","05:00"
"-114.00","51.11","CALGARY INT'L CS","3031094","2023-11-18 06:00","2023","11","18","06:00"
"-114.00","51.11","CALGARY INT'L CS","3031094","2023-11-18 07:00","2023","11","18","07:00"
"-114.00","51.11","CALGARY INT'L CS","3031094","2023-11-18 08:00","2023","11","18","08:00"
"-114.00","51.11","CALGARY INT'L CS","3031094","2023-11-18 09:00","2023","11","18","09:00"
"-114.00","51.11","CALGARY INT'L CS","3031094","2023-11-18 10:00","2023","11","18","10:00"
"-114.00","51.11","CALGARY INT'L CS","3031094","2023-11-18 11:00","2023","11","18","11:00"
"-114.00","51.11","CALGARY INT'L CS","3031094","2023-11-18 12:00","2023","11","18","12:00"
"-114.00","51.11","CALGARY INT'L CS","3031094","2023-11-18 13:00","2023","11","18","13:00"
"-114.00","51.11","CALGARY INT'L CS","3031094","2023-11-18 14:00","2023","11","18","14:00"
"-114.00","51.11","CALGARY INT'L CS","3031094","2023-11-18 15:00","2023","11","18","15:00"
"-114.00","51.11","CALGARY INT'L CS","3031094","2023-11-18 16:00","2023","11","18","16:00"
"-114.00","51.11","CALGARY INT'L CS","3031094","2023-11-18 17:00","2023","11","18","17:00"
"-114.00","51.11","CALGARY INT'L CS","3031094","2023-11-18 18:00","2023","11","18","18:00"
"-114.00","51.11","CALGARY INT'L CS","3031094","2023-11-18 19:00","2023","11","18","19:00"
"-114.00","51.11","CALGARY INT'L CS","3031094","2023-11-18 20:00","2023","11","18","20:00"
"-114.00","51.11","CALGARY INT'L CS","3031094","2023-11-18 21:00","2023","11","18","21:00"
"-114.00","51.11","CALGARY INT'L CS","3031094","2023-11-18 22:00","2023","11","18","22:00"
"-114.00","51.11","CALGARY INT'L CS","3031094","2023-11-18 23:00","2023","11","18","23:00"
"-114.00","51.11","CALGARY INT'L CS","3031094","2023-11-19 00:00","2023","11","19","00:00"
"-114.00","51.11","CALGARY INT'L CS","3031094","2023-11-19 01:00","2023","11","19","01:00"
"-114.00","51.11","CALGARY INT'L CS","3031094","2023-11-19 02:00","2023","11","19","02:00"
"-114.00","51.11","CALGARY INT'L CS","3031094","2023-11-19 03:00","2023","11","19","03:00"
"-114.00","51.11","CALGARY INT'L CS","3031094","2023-11-19 04:00","2023","11","19","04:00"
"-114.00","51.11","CALGARY INT'L CS","3031094","2023-11-19 05:00","2023","11","19","05:00"
"-114.00","51.11","CALGARY INT'L CS","3031094","2023-11-19 06:00","2023","11","19","06:00"
"-114.00","51.11","CALGARY INT'L CS","3031094","2023-11-19 07:00","2023","11","19","07:00"
"-114.00","51.11","CALGARY INT'L CS","3031094","2023-11-19 08:00","2023","11","19","08:00"
"-114.00","51.11","CALGARY INT'L CS","3031094","2023-11-19 09:00","2023","11","19","09:00"
"-114.00","51.11","CALGARY INT'L CS","3031094","2023-11-19 10:00","2023","11","19","10:00"
"-114.00","51.11","CALGARY INT'L CS","3031094","2023-11-19 11:00","2023","11","19","11:00"
"-114.00","51.11","CALGARY INT'L CS","3031094","2023-11-19 12:00","2023","11","19","12:00"
"-114.00","51.11","CALGARY INT'L CS","3031094","2023-11-19 13:00","2023","11","19","13:00"
"-114.00","51.11","CALGARY INT'L CS","3031094","2023-11-19 14:00","2023","11","19","14:00"
"-114.00","51.11","CALGARY INT'L CS","3031094","2023-11-19 15:00","2023","11","19","15:00"
"-114.00","51.11","CALGARY INT'L CS","3031094","2023-11-19 16:00","2023","11","19","16:00"
"-114.00","51.11","CALGARY INT'L CS","3031094","2023-11-19 17:00","2023","11","19","17:00"
"-114.00","51.11","CALGARY INT'L CS","3031094","2023-11-19 18:00","2023","11","19","18:00"
"-114.00","51.11","CALGARY INT'L CS","3031094","2023-11-19 19:00","2023","11","19","19:00"
"-114.00","51.11","CALGARY INT'L CS","3031094","2023-11-19 20:00","2023","11","19","20:00"
"-114.00","51.11","CALGARY INT'L CS","3031094","2023-11-19 21:00","2023","11","19","21:00"
"-114.00","51.11","CALGARY INT'L CS","3031094","2023-11-19 22:00","2023","11","19","22:00"
"-114.00","51.11","CALGARY INT'L CS","3031094","2023-11-19 23:00","2023","11","19","23:00"
"-114.00","51.11","CALGARY INT'L CS","3031094","2023-11-20 00:00","2023","11","20","00:00"
"-114.00","51.11","CALGARY INT'L CS","3031094","2023-11-20 01:00","2023","11","20","01:00"
"-114.00","51.11","CALGARY INT'L CS","3031094","2023-11-20 02:00","2023","11","20","02:00"
"-114.00","51.11","CALGARY INT'L CS","3031094","2023-11-20 03:00","2023","11","20","03:00"
"-114.00","51.11","CALGARY INT'L CS","3031094","2023-11-20 04:00","2023","11","20","04:00"
"-114.00","51.11","CALGARY INT'L CS","3031094","2023-11-20 05:00","2023","11","20","05:00"
"-114.00","51.11","CALGARY INT'L CS","3031094","2023-11-20 06:00","2023","11","20","06:00"
"-114.00","51.11","CALGARY INT'L CS","3031094","2023-11-20 07:00","2023","11","20","07:00"
"-114.00","51.11","CALGARY INT'L CS","3031094","2023-11-20 08:00","2023","11","20","08:00"
"-114.00","51.11","CALGARY INT'L CS","3031094","2023-11-20 09:00","2023","11","20","09:00"
"-114.00","51.11","CALGARY INT'L CS","3031094","2023-11-20 10:00","2023","11","20","10:00"
"-114.00","51.11","CALGARY INT'L CS","3031094","2023-11-20 11:00","2023","11","20","11:00"
"-114.00","51.11","CALGARY INT'L CS","3031094","2023-11-20 12:00","2023","11","20","12:00"
"-114.00","51.11","CALGARY INT'L CS","3031094","2023-11-20 13:00","2023","11","20","13:00"
"-114.00","51.11","CALGARY INT'L CS","3031094","2023-11-20 14:00","2023","11","20","14:00"
"-114.00","51.11","CALGARY INT'L CS","3031094","2023-11-20 15:00","2023","11","20","15:00"
"-114.00","51.11","CALGARY INT'L CS","3031094","2023-11-20 16:00","2023","11","20","16:00"
"-114.00","51.11","CALGARY INT'L CS","3031094","2023-11-20 17:00","2023","11","20","17:00"
"-114.00","51.11","CALGARY INT'L CS","3031094","2023-11-20 18:00","2023","11","20","18:00"
"-114.00","51.11","CALGARY INT'L CS","3031094","2023-11-20 19:00","2023","11","20","19:00"
"-114.00","51.11","CALGARY INT'L CS","3031094","2023-11-20 20:00","2023","11","20","20:00"
"-114.00","51.11","CALGARY INT'L CS","3031094","2023-11-20 21:00","2023","11","20","21:00"
"-114.00","51.11","CALGARY INT'L CS","3031094","2023-11-20 22:00","2023","11","20","22:00"
"-114.00","51.11","CALGARY INT'L CS","3031094","2023-11-20 23:00","2023","11","20","23:00"
"-114.00","51.11","CALGARY INT'L CS","3031094","2023-11-21 00:00","2023","11","21","00:00"
"-114.00","51.11","CALGARY INT'L CS","3031094","2023-11-21 01:00","2023","11","21","01:00"
"-114.00","51.11","CALGARY INT'L CS","3031094","2023-11-21 02:00","2023","11","21","02:00"
"-114.00","51.11","CALGARY INT'L CS","3031094","2023-11-21 03:00","2023","11","21","03:00"
"-114.00","51.11","CALGARY INT'L CS","3031094","2023-11-21 04:00","2023","11","21","04:00"
"-114.00","51.11","CALGARY INT'L CS","3031094","2023-11-21 05:00","2023","11","21","05:00"
"-114.00","51.11","CALGARY INT'L CS","3031094","2023-11-21 06:00","2023","11","21","06:00"
"-114.00","51.11","CALGARY INT'L CS","3031094","2023-11-21 07:00","2023","11","21","07:00"
"-114.00","51.11","CALGARY INT'L CS","3031094","2023-11-21 08:00","2023","11","21","08:00"
"-114.00","51.11","CALGARY INT'L CS","3031094","2023-11-21 09:00","2023","11","21","09:00"
"-114.00","51.11","CALGARY INT'L CS","3031094","2023-11-21 10:00","2023","11","21","10:00"
"-114.00","51.11","CALGARY INT'L CS","3031094","2023-11-21 11:00","2023","11","21","11:00"
"-114.00","51.11","CALGARY INT'L CS","3031094","2023-11-21 12:00","2023","11","21","12:00"
"-114.00","51.11","CALGARY INT'L CS","3031094","2023-11-21 13:00","2023","11","21","13:00"
"-114.00","51.11","CALGARY INT'L CS","3031094","2023-11-21 14:00","2023","11","21","14:00"
"-114.00","51.11","CALGARY INT'L CS","3031094","2023-11-21 15:00","2023","11","21","15:00"
"-114.00","51.11","CALGARY INT'L CS","3031094","2023-11-21 16:00","2023","11","21","16:00"
"-114.00","51.11","CALGARY INT'L CS","3031094","2023-11-21 17:00","2023","11","21","17:00"
"-114.00","51.11","CALGARY INT'L CS","3031094","2023-11-21 18:00","2023","11","21","18:00"
"-114.00","51.11","CALGARY INT'L CS","3031094","2023-11-21 19:00","2023","11","21","19:00"
"-114.00","51.11","CALGARY INT'L CS","3031094","2023-11-21 20:00","2023","11","21","20:00"
"-114.00","51.11","CALGARY INT'L CS","3031094","2023-11-21 21:00","2023","11","21","21:00"
"-114.00","51.11","CALGARY INT'L CS","3031094","2023-11-21 22:00","2023","11","21","22:00"
"-114.00","51.11","CALGARY INT'L CS","3031094","2023-11-21 23:00","2023","11","21","23:00"
"-114.00","51.11","CALGARY INT'L CS","3031094","2023-11-22 00:00","2023","11","22","00:00"
"-114.00","51.11","CALGARY INT'L CS","3031094","2023-11-22 01:00","2023","11","22","01:00"
"-114.00","51.11","CALGARY INT'L CS","3031094","2023-11-22 02:00","2023","11","22","02:00"
"-114.00","51.11","CALGARY INT'L CS","3031094","2023-11-22 03:00","2023","11","22","03:00"
"-114.00","51.11","CALGARY INT'L CS","3031094","2023-11-22 04:00","2023","11","22","04:00"
"-114.00","51.11","CALGARY INT'L CS","3031094","2023-11-22 05:00","2023","11","22","05:00"
"-114.00","51.11","CALGARY INT'L CS","3031094","2023-11-22 06:00","2023","11","22","06:00"
"-114.00","51.11","CALGARY INT'L CS","3031094","2023-11-22 07:00","2023","11","22","07:00"
"-114.00","51.11","CALGARY INT'L CS","3031094","2023-11-22 08:00","2023","11","22","08:00"
"-114.00","51.11","CALGARY INT'L CS","3031094","2023-11-22 09:00","2023","11","22","09:00"
"-114.00","51.11","CALGARY INT'L CS","3031094","2023-11-22 10:00","2023","11","22","10:00"
"-114.00","51.11","CALGARY INT'L CS","3031094","2023-11-22 11:00","2023","11","22","11:00"
"-114.00","51.11","CALGARY INT'L CS","3031094","2023-11-22 12:00","2023","11","22","12:00"
"-114.00","51.11","CALGARY INT'L CS","3031094","2023-11-22 13:00","2023","11","22","13:00"
"-114.00","51.11","CALGARY INT'L CS","3031094","2023-11-22 14:00","2023","11","22","14:00"
"-114.00","51.11","CALGARY INT'L CS","3031094","2023-11-22 15:00","2023","11","22","15:00"
"-114.00","51.11","CALGARY INT'L CS","3031094","2023-11-22 16:00","2023","11","22","16:00"
"-114.00","51.11","CALGARY INT'L CS","3031094","2023-11-22 17:00","2023","11","22","17:00"
"-114.00","51.11","CALGARY INT'L CS","3031094","2023-11-22 18:00","2023","11","22","18:00"
"-114.00","51.11","CALGARY INT'L CS","3031094","2023-11-22 19:00","2023","11","22","19:00"
"-114.00","51.11","CALGARY INT'L CS","3031094","2023-11-22 20:00","2023","11","22","20:00"
"-114.00","51.11","CALGARY INT'L CS","3031094","2023-11-22 21:00","2023","11","22","21:00"
"-114.00","51.11","CALGARY INT'L CS","3031094","2023-11-22 22:00","2023","11","22","22:00"
"-114.00","51.11","CALGARY INT'L CS","3031094","2023-11-22 23:00","2023","11","22","23:00"
"-114.00","51.11","CALGARY INT'L CS","3031094","2023-11-23 00:00","2023","11","23","00:00"
"-114.00","51.11","CALGARY INT'L CS","3031094","2023-11-23 01:00","2023","11","23","01:00"
"-114.00","51.11","CALGARY INT'L CS","3031094","2023-11-23 02:00","2023","11","23","02:00"
"-114.00","51.11","CALGARY INT'L CS","3031094","2023-11-23 03:00","2023","11","23","03:00"
"-114.00","51.11","CALGARY INT'L CS","3031094","2023-11-23 04:00","2023","11","23","04:00"
"-114.00","51.11","CALGARY INT'L CS","3031094","2023-11-23 05:00","2023","11","23","05:00"
"-114.00","51.11","CALGARY INT'L CS","3031094","2023-11-23 06:00","2023","11","23","06:00"
"-114.00","51.11","CALGARY INT'L CS","3031094","2023-11-23 07:00","2023","11","23","07:00"
"-114.00","51.11","CALGARY INT'L CS","3031094","2023-11-23 08:00","2023","11","23","08:00"
"-114.00","51.11","CALGARY INT'L CS","3031094","2023-11-23 09:00","2023","11","23","09:00"
"-114.00","51.11","CALGARY INT'L CS","3031094","2023-11-23 10:00","2023","11","23","10:00"
"-114.00","51.11","CALGARY INT'L CS","3031094","2023-11-23 11:00","2023","11","23","11:00"
"-114.00","51.11","CALGARY INT'L CS","3031094","2023-11-23 12:00","2023","11","23","12:00"
"-114.00","51.11","CALGARY INT'L CS","3031094","2023-11-23 13:00","2023","11","23","13:00"
"-114.00","51.11","CALGARY INT'L CS","3031094","2023-11-23 14:00","2023","11","23","14:00"
"-114.00","51.11","CALGARY INT'L CS","3031094","2023-11-23 15:00","2023","11","23","15:00"
"-114.00","51.11","CALGARY INT'L CS","3031094","2023-11-23 16:00","2023","11","23","16:00"
"-114.00","51.11","CALGARY INT'L CS","3031094","2023-11-23 17:00","2023","11","23","17:00"
"-114.00","51.11","CALGARY INT'L CS","3031094","2023-11-23 18:00","2023","11","23","18:00"
"-114.00","51.11","CALGARY INT'L CS","3031094","2023-11-23 19:00","2023","11","23","19:00"
"-114.00","51.11","CALGARY INT'L CS","3031094","2023-11-23 20:00","2023","11","23","20:00"
"-114.00","51.11","CALGARY INT'L CS","3031094","2023-11-23 21:00","2023","11","23","21:00"
"-114.00","51.11","CALGARY INT'L CS","3031094","2023-11-23 22:00","2023","11","23","22:00"
"-114.00","51.11","CALGARY INT'L CS","3031094","2023-11-23 23:00","2023","11","23","23:00"
"-114.00","51.11","CALGARY INT'L CS","3031094","2023-11-24 00:00","2023","11","24","00:00"
"-114.00","51.11","CALGARY INT'L CS","3031094","2023-11-24 01:00","2023","11","24","01:00"
"-114.00","51.11","CALGARY INT'L CS","3031094","2023-11-24 02:00","2023","11","24","02:00"
"-114.00","51.11","CALGARY INT'L CS","3031094","2023-11-24 03:00","2023","11","24","03:00"
"-114.00","51.11","CALGARY INT'L CS","3031094","2023-11-24 04:00","2023","11","24","04:00"
"-114.00","51.11","CALGARY INT'L CS","3031094","2023-11-24 05:00","2023","11","24","05:00"
"-114.00","51.11","CALGARY INT'L CS","3031094","2023-11-24 06:00","2023","11","24","06:00"
"-114.00","51.11","CALGARY INT'L CS","3031094","2023-11-24 07:00","2023","11","24","07:00"
"-114.00","51.11","CALGARY INT'L CS","3031094","2023-11-24 08:00","2023","11","24","08:00"
"-114.00","51.11","CALGARY INT'L CS","3031094","2023-11-24 09:00","2023","11","24","09:00"
"-114.00","51.11","CALGARY INT'L CS","3031094","2023-11-24 10:00","2023","11","24","10:00"
"-114.00","51.11","CALGARY INT'L CS","3031094","2023-11-24 11:00","2023","11","24","11:00"
"-114.00","51.11","CALGARY INT'L CS","3031094","2023-11-24 12:00","2023","11","24","12:00"
"-114.00","51.11","CALGARY INT'L CS","3031094","2023-11-24 13:00","2023","11","24","13:00"
"-114.00","51.11","CALGARY INT'L CS","3031094","2023-11-24 14:00","2023","11","24","14:00"
"-114.00","51.11","CALGARY INT'L CS","3031094","2023-11-24 15:00","2023","11","24","15:00"
"-114.00","51.11","CALGARY INT'L CS","3031094","2023-11-24 16:00","2023","11","24","16:00"
"-114.00","51.11","CALGARY INT'L CS","3031094","2023-11-24 17:00","2023","11","24","17:00"
"-114.00","51.11","CALGARY INT'L CS","3031094","2023-11-24 18:00","2023","11","24","18:00"
"-114.00","51.11","CALGARY INT'L CS","3031094","2023-11-24 19:00","2023","11","24","19:00"
"-114.00","51.11","CALGARY INT'L CS","3031094","2023-11-24 20:00","2023","11","24","20:00"
"-114.00","51.11","CALGARY INT'L CS","3031094","2023-11-24 21:00","2023","11","24","21:00"
"-114.00","51.11","CALGARY INT'L CS","3031094","2023-11-24 22:00","2023","11","24","22:00"
"-114.00","51.11","CALGARY INT'L CS","3031094","2023-11-24 23:00","2023","11","24","23:00"
"-114.00","51.11","CALGARY INT'L CS","3031094","2023-11-25 00:00","2023","11","25","00:00"
"-114.00","51.11","CALGARY INT'L CS","3031094","2023-11-25 01:00","2023","11","25","01:00"
"-114.00","51.11","CALGARY INT'L CS","3031094","2023-11-25 02:00","2023","11","25","02:00"
"-114.00","51.11","CALGARY INT'L CS","3031094","2023-11-25 03:00","2023","11","25","03:00"
"-114.00","51.11","CALGARY INT'L CS","3031094","2023-11-25 04:00","2023","11","25","04:00"
"-114.00","51.11","CALGARY INT'L CS","3031094","2023-11-25 05:00","2023","11","25","05:00"
"-114.00","51.11","CALGARY INT'L CS","3031094","2023-11-25 06:00","2023","11","25","06:00"
"-114.00","51.11","CALGARY INT'L CS","3031094","2023-11-25 07:00","2023","11","25","07:00"
"-114.00","51.11","CALGARY INT'L CS","3031094","2023-11-25 08:00","2023","11","25","08:00"
"-114.00","51.11","CALGARY INT'L CS","3031094","2023-11-25 09:00","2023","11","25","09:00"
"-114.00","51.11","CALGARY INT'L CS","3031094","2023-11-25 10:00","2023","11","25","10:00"
"-114.00","51.11","CALGARY INT'L CS","3031094","2023-11-25 11:00","2023","11","25","11:00"
"-114.00","51.11","CALGARY INT'L CS","3031094","2023-11-25 12:00","2023","11","25","12:00"
"-114.00","51.11","CALGARY INT'L CS","3031094","2023-11-25 13:00","2023","11","25","13:00"
"-114.00","51.11","CALGARY INT'L CS","3031094","2023-11-25 14:00","2023","11","25","14:00"
"-114.00","51.11","CALGARY INT'L CS","3031094","2023-11-25 15:00","2023","11","25","15:00"
"-114.00","51.11","CALGARY INT'L CS","3031094","2023-11-25 16:00","2023","11","25","16:00"
"-114.00","51.11","CALGARY INT'L CS","3031094","2023-11-25 17:00","2023","11","25","17:00"
"-114.00","51.11","CALGARY INT'L CS","3031094","2023-11-25 18:00","2023","11","25","18:00"
"-114.00","51.11","CALGARY INT'L CS","3031094","2023-11-25 19:00","2023","11","25","19:00"
"-114.00","51.11","CALGARY INT'L CS","3031094","2023-11-25 20:00","2023","11","25","20:00"
"-114.00","51.11","CALGARY INT'L CS","3031094","2023-11-25 21:00","2023","11","25","21:00"
"-114.00","51.11","CALGARY INT'L CS","3031094","2023-11-25 22:00","2023","11","25","22:00"
"-114.00","51.11","CALGARY INT'L CS","3031094","2023-11-25 23:00","2023","11","25","23:00"
"-114.00","51.11","CALGARY INT'L CS","3031094","2023-11-26 00:00","2023","11","26","00:00"
"-114.00","51.11","CALGARY INT'L CS","3031094","2023-11-26 01:00","2023","11","26","01:00"
"-114.00","51.11","CALGARY INT'L CS","3031094","2023-11-26 02:00","2023","11","26","02:00"
"-114.00","51.11","CALGARY INT'L CS","3031094","2023-11-26 03:00","2023","11","26","03:00"
"-114.00","51.11","CALGARY INT'L CS","3031094","2023-11-26 04:00","2023","11","26","04:00"
"-114.00","51.11","CALGARY INT'L CS","3031094","2023-11-26 05:00","2023","11","26","05:00"
"-114.00","51.11","CALGARY INT'L CS","3031094","2023-11-26 06:00","2023","11","26","06:00"
"-114.00","51.11","CALGARY INT'L CS","3031094","2023-11-26 07:00","2023","11","26","07:00"
"-114.00","51.11","CALGARY INT'L CS","3031094","2023-11-26 08:00","2023","11","26","08:00"
"-114.00","51.11","CALGARY INT'L CS","3031094","2023-11-26 09:00","2023","11","26","09:00"
"-114.00","51.11","CALGARY INT'L CS","3031094","2023-11-26 10:00","2023","11","26","10:00"
"-114.00","51.11","CALGARY INT'L CS","3031094","2023-11-26 11:00","2023","11","26","11:00"
"-114.00","51.11","CALGARY INT'L CS","3031094","2023-11-26 12:00","2023","11","26","12:00"
"-114.00","51.11","CALGARY INT'L CS","3031094","2023-11-26 13:00","2023","11","26","13:00"
"-114.00","51.11","CALGARY INT'L CS","3031094","2023-11-26 14:00","2023","11","26","14:00"
"-114.00","51.11","CALGARY INT'L CS","3031094","2023-11-26 15:00","2023","11","26","15:00"
"-114.00","51.11","CALGARY INT'L CS","3031094","2023-11-26 16:00","2023","11","26","16:00"
"-114.00","51.11","CALGARY INT'L CS","3031094","2023-11-26 17:00","2023","11","26","17:00"
"-114.00","51.11","CALGARY INT'L CS","3031094","2023-11-26 18:00","2023","11","26","18:00"
"-114.00","51.11","CALGARY INT'L CS","3031094","2023-11-26 19:00","2023","11","26","19:00"
"-114.00","51.11","CALGARY INT'L CS","3031094","2023-11-26 20:00","2023","11","26","20:00"
"-114.00","51.11","CALGARY INT'L CS","3031094","2023-11-26 21:00","2023","11","26","21:00"
"-114.00","51.11","CALGARY INT'L CS","3031094","2023-11-26 22:00","2023","11","26","22:00"
"-114.00","51.11","CALGARY INT'L CS","3031094","2023-11-26 23:00","2023","11","26","23:00"
"-114.00","51.11","CALGARY INT'L CS","3031094","2023-11-27 00:00","2023","11","27","00:00"
"-114.00","51.11","CALGARY INT'L CS","3031094","2023-11-27 01:00","2023","11","27","01:00"
"-114.00","51.11","CALGARY INT'L CS","3031094","2023-11-27 02:00","2023","11","27","02:00"
"-114.00","51.11","CALGARY INT'L CS","3031094","2023-11-27 03:00","2023","11","27","03:00"
"-114.00","51.11","CALGARY INT'L CS","3031094","2023-11-27 04:00","2023","11","27","04:00"
"-114.00","51.11","CALGARY INT'L CS","3031094","2023-11-27 05:00","2023","11","27","05:00"
"-114.00","51.11","CALGARY INT'L CS","3031094","2023-11-27 06:00","2023","11","27","06:00"
"-114.00","51.11","CALGARY INT'L CS","3031094","2023-11-27 07:00","2023","11","27","07:00"
"-114.00","51.11","CALGARY INT'L CS","3031094","2023-11-27 08:00","2023","11","27","08:00"
"-114.00","51.11","CALGARY INT'L CS","3031094","2023-11-27 09:00","2023","11","27","09:00"
"-114.00","51.11","CALGARY INT'L CS","3031094","2023-11-27 10:00","2023","11","27","10:00"
"-114.00","51.11","CALGARY INT'L CS","3031094","2023-11-27 11:00","2023","11","27","11:00"
"-114.00","51.11","CALGARY INT'L CS","3031094","2023-11-27 12:00","2023","11","27","12:00"
"-114.00","51.11","CALGARY INT'L CS","3031094","2023-11-27 13:00","2023","11","27","13:00"
"-114.00","51.11","CALGARY INT'L CS","3031094","2023-11-27 14:00","2023","11","27","14:00"
"-114.00","51.11","CALGARY INT'L CS","3031094","2023-11-27 15:00","2023","11","27","15:00"
"-114.00","51.11","CALGARY INT'L CS","3031094","2023-11-27 16:00","2023","11","27","16:00"
"-114.00","51.11","CALGARY INT'L CS","3031094","2023-11-27 17:00","2023","11","27","17:00"
"-114.00","51.11","CALGARY INT'L CS","3031094","2023-11-27 18:00","2023","11","27","18:00"
"-114.00","51.11","CALGARY INT'L CS","3031094","2023-11-27 19:00","2023","11","27","19:00"
"-114.00","51.11","CALGARY INT'L CS","3031094","2023-11-27 20:00","2023","11","27","20:00"
"-114.00","51.11","CALGARY INT'L CS","3031094","2023-11-27 21:00","2023","11","27","21:00"
"-114.00","51.11","CALGARY INT'L CS","3031094","2023-11-27 22:00","2023","11","27","22:00"
"-114.00","51.11","CALGARY INT'L CS","3031094","2023-11-27 23:00","2023","11","27","23:00"
"-114.00","51.11","CALGARY INT'L CS","3031094","2023-11-28 00:00","2023","11","28","00:00"
"-114.00","51.11","CALGARY INT'L CS","3031094","2023-11-28 01:00","2023","11","28","01:00"
"-114.00","51.11","CALGARY INT'L CS","3031094","2023-11-28 02:00","2023","11","28","02:00"
"-114.00","51.11","CALGARY INT'L CS","3031094","2023-11-28 03:00","2023","11","28","03:00"
"-114.00","51.11","CALGARY INT'L CS","3031094","2023-11-28 04:00","2023","11","28","04:00"
"-114.00","51.11","CALGARY INT'L CS","3031094","2023-11-28 05:00","2023","11","28","05:00"
"-114.00","51.11","CALGARY INT'L CS","3031094","2023-11-28 06:00","2023","11","28","06:00"
"-114.00","51.11","CALGARY INT'L CS","3031094","2023-11-28 07:00","2023","11","28","07:00"
"-114.00","51.11","CALGARY INT'L CS","3031094","2023-11-28 08:00","2023","11","28","08:00"
"-114.00","51.11","CALGARY INT'L CS","3031094","2023-11-28 09:00","2023","11","28","09:00"
"-114.00","51.11","CALGARY INT'L CS","3031094","2023-11-28 10:00","2023","11","28","10:00"
"-114.00","51.11","CALGARY INT'L CS","3031094","2023-11-28 11:00","2023","11","28","11:00"
"-114.00","51.11","CALGARY INT'L CS","3031094","2023-11-28 12:00","2023","11","28","12:00"
"-114.00","51.11","CALGARY INT'L CS","3031094","2023-11-28 13:00","2023","11","28","13:00"
"-114.00","51.11","CALGARY INT'L CS","3031094","2023-11-28 14:00","2023","11","28","14:00"
"-114.00","51.11","CALGARY INT'L CS","3031094","2023-11-28 15:00","2023","11","28","15:00"
"-114.00","51.11","CALGARY INT'L CS","3031094","2023-11-28 16:00","2023","11","28","16:00"
"-114.00","51.11","CALGARY INT'L CS","3031094","2023-11-28 17:00","2023","11","28","17:00"
"-114.00","51.11","CALGARY INT'L CS","3031094","2023-11-28 18:00","2023","11","28","18:00"
"-114.00","51.11","CALGARY INT'L CS","3031094","2023-11-28 19:00","2023","11","28","19:00"
"-114.00","51.11","CALGARY INT'L CS","3031094","2023-11-28 20:00","2023","11","28","20:00"
"-114.00","51.11","CALGARY INT'L CS","3031094","2023-11-28 21:00","2023","11","28","21:00"
"-114.00","51.11","CALGARY INT'L CS","3031094","2023-11-28 22:00","2023","11","28","22:00"
"-114.00","51.11","CALGARY INT'L CS","3031094","2023-11-28 23:00","2023","11","28","23:00"
"-114.00","51.11","CALGARY INT'L CS","3031094","2023-11-29 00:00","2023","11","29","00:00"
"-114.00","51.11","CALGARY INT'L CS","3031094","2023-11-29 01:00","2023","11","29","01:00"
"-114.00","51.11","CALGARY INT'L CS","3031094","2023-11-29 02:00","2023","11","29","02:00"
"-114.00","51.11","CALGARY INT'L CS","3031094","2023-11-29 03:00","2023","11","29","03:00"
"-114.00","51.11","CALGARY INT'L CS","3031094","2023-11-29 04:00","2023","11","29","04:00"
"-114.00","51.11","CALGARY INT'L CS","3031094","2023-11-29 05:00","2023","11","29","05:00"
"-114.00","51.11","CALGARY INT'L CS","3031094","2023-11-29 06:00","2023","11","29","06:00"
"-114.00","51.11","CALGARY INT'L CS","3031094","2023-11-29 07:00","2023","11","29","07:00"
"-114.00","51.11","CALGARY INT'L CS","3031094","2023-11-29 08:00","2023","11","29","08:00"
"-114.00","51.11","CALGARY INT'L CS","3031094","2023-11-29 09:00","2023","11","29","09:00"
"-114.00","51.11","CALGARY INT'L CS","3031094","2023-11-29 10:00","2023","11","29","10:00"
"-114.00","51.11","CALGARY INT'L CS","3031094","2023-11-29 11:00","2023","11","29","11:00"
"-114.00","51.11","CALGARY INT'L CS","3031094","2023-11-29 12:00","2023","11","29","12:00"
"-114.00","51.11","CALGARY INT'L CS","3031094","2023-11-29 13:00","2023","11","29","13:00"
"-114.00","51.11","CALGARY INT'L CS","3031094","2023-11-29 14:00","2023","11","29","14:00"
"-114.00","51.11","CALGARY INT'L CS","3031094","2023-11-29 15:00","2023","11","29","15:00"
"-114.00","51.11","CALGARY INT'L CS","3031094","2023-11-29 16:00","2023","11","29","16:00"
"-114.00","51.11","CALGARY INT'L CS","3031094","2023-11-29 17:00","2023","11","29","17:00"
"-114.00","51.11","CALGARY INT'L CS","3031094","2023-11-29 18:00","2023","11","29","18:00"
"-114.00","51.11","CALGARY INT'L CS","3031094","2023-11-29 19:00","2023","11","29","19:00"
"-114.00","51.11","CALGARY INT'L CS","3031094","2023-11-29 20:00","2023","11","29","20:00"
"-114.00","51.11","CALGARY INT'L CS","3031094","2023-11-29 21:00","2023","11","29","21:00"
"-114.00","51.11","CALGARY INT'L CS","3031094","2023-11-29 22:00","2023","11","29","22:00"
"-114.00","51.11","CALGARY INT'L CS","3031094","2023-11-29 23:00","2023","11","29","23:00"
"-114.00","51.11","CALGARY INT'L CS","3031094","2023-11-30 00:00","2023","11","30","00:00"
"-114.00","51.11","CALGARY INT'L CS","3031094","2023-11-30 01:00","2023","11","30","01:00"
"-114.00","51.11","CALGARY INT'L CS","3031094","2023-11-30 02:00","2023","11","30","02:00"
"-114.00","51.11","CALGARY INT'L CS","3031094","2023-11-30 03:00","2023","11","30","03:00"
"-114.00","51.11","CALGARY INT'L CS","3031094","2023-11-30 04:00","2023","11","30","04:00"
"-114.00","51.11","CALGARY INT'L CS","3031094","2023-11-30 05:00","2023","11","30","05:00"
"-114.00","51.11","CALGARY INT'L CS","3031094","2023-11-30 06:00","2023","11","30","06:00"
"-114.00","51.11","CALGARY INT'L CS","3031094","2023-11-30 07:00","2023","11","30","07:00"
"-114.00","51.11","CALGARY INT'L CS","3031094","2023-11-30 08:00","2023","11","30","08:00"
"-114.00","51.11","CALGARY INT'L CS","3031094","2023-11-30 09:00","2023","11","30","09:00"
"-114.00","51.11","CALGARY INT'L CS","3031094","2023-11-30 10:00","2023","11","30","10:00"
"-114.00","51.11","CALGARY INT'L CS","3031094","2023-11-30 11:00","2023","11","30","11:00"
"-114.00","51.11","CALGARY INT'L CS","3031094","2023-11-30 12:00","2023","11","30","12:00"
"-114.00","51.11","CALGARY INT'L CS","3031094","2023-11-30 13:00","2023","11","30","13:00"
"-114.00","51.11","CALGARY INT'L CS","3031094","2023-11-30 14:00","2023","11","30","14:00"
"-114.00","51.11","CALGARY INT'L CS","3031094","2023-11-30 15:00","2023","11","30","15:00"
"-114.00","51.11","CALGARY INT'L CS","3031094","2023-11-30 16:00","2023","11","30","16:00"
"-114.00","51.11","CALGARY INT'L CS","3031094","2023-11-30 17:00","2023","11","30","17:00"
"-114.00","51.11","CALGARY INT'L CS","3031094","2023-11-30 18:00","2023","11","30","18:00"
"-114.00","51.11","CALGARY INT'L CS","3031094","2023-11-30 19:00","2023","11","30","19:00"
"-114.00","51.11","CALGARY INT'L CS","3031094","2023-11-30 20:00","2023","11","30","20:00"
"-114.00","51.11","CALGARY INT'L CS","3031094","2023-11-30 21:00","2023","11","30","21:00"
"-114.00","51.11","CALGARY INT'L CS","3031094","2023-11-30 22:00","2023","11","30","22:00"
"-114.00","51.11","CALGARY INT'L CS","3031094","2023-11-30 23:00","2023","11","30","23:00"
